1;"Progress Software";"";"prg";"";"";"progress@progress.com";"";"";"Street 16";"Boston";"13425";"USA";""
3;"Päästeamet";"";"PÄA";"";"";"rescue@rescue.ee";"628 2026/2000";"628 2099";"Raua 2";"Tallinn";"10124";"";""
6;"Kaitsepolitseiamet";"";"KAPO";"";"";"kapo@kapo.ee";"612 1400";"612 1401";"Toompuiestee 3";"Tallinn";"10142";"";""
8;"Sisekaitseakadeemia";"";"SKA";"";"";"postipoiss@sisekaitse.ee";"696 5644";"696 5343";"Kase 61";"Tallinn";"12012";"";""
9;"Siseministeerium";"";"SiM";"";"sisemin@online.ee";"";"";"612 5087";"Pikk 61";"Tallinn";"15065";"";""
12;"Riigiarhiiv";"";"";"";"";"riigiarhiiv@ra.ee";"693 800";"661 6230";"Maneezi 4";"Tallinn";"15019";"EST";""
13;"Sotsiaalministeerium";"";"SoM";"";"";"info@sm.ee";"626 9301";"699 2209";"Gonsiori 29";"Tallinn";"15027";"";""
14;"Riigikantselei";"";"RK";"";"";"riigikantselei@riigikantselei.ee";"693 5860";"693 5914";"Rahukohtu 3";"Tallinn";"15161";"";""
16;"Välisministeerium";"";"VaM";"";"";"post@vm.ee";"631 7000";"631 7099";"Islandi väljak 1";"Tallinn";"15049";"";""
17;"Priisle Kinnisvarahalduse AS";"";"";"";"";"";"621 8895";"634 0365";"Mahtra 48";"Tallinn";"13812";"";""
18;"Euraapa Komisjoni Delegatsioon Eestis";"";"";"";"";"eudelest@cec.eu.int";"6264 400";"6264 439";"Kohtu 10";"Tallinn";"10130";"";""
19;"EMT AS";"";"";"";"";"info@emt.ee";"6397 111";"6397 117";"Lasnameä64";"Tallinn";"19095";"";""
21;"Justiitsministeerium";"";"JuM";"";"";"info@just.ee";"620 8100";"620 8109";"Tõnismägi 5a";"Tallinn";"15191";"";""
22;"Andmevara AS";"";"";"Andmevara Ltd";"";"mail@andmevara.ee";"67 15 110";"67 15 275";"Pärnu Mnt.139d/1";"Tallinn";"11317";"";""
25;"Kohaliku omavalitsuse osakond";"";"KOo";"";"";"omavalitsus@sisemin.gov.ee";"";"";"";"";"";"";""
26;"Personaliosakond";"";"PRO";"";"";"personal@sisemin.gov.ee";"";"";"";"";"";"";""
28;"Rahvastiku toimingute osakond";"";"RTO";"";"";"perek@sisemin.gov.ee";"";"";"";"";"";"";""
29;"Regionaalarengu osakond";"";"REGO";"";"";"regionaal@sisemin.gov.ee";"";"";"";"";"";"";""
30;"Sisejulgeoleku poliitika osakond";"";"SJPO";"";"";"sjapo@sisemin.gov.ee";"";"";"";"";"";"";""
33;"Usuasjade osakond";"";"UAO";"";"";"usuasjad@sisemin.gov.ee";"";"";"";"";"";"";""
36;"Õigusloomeosakond";"";"ÕLO";"";"";"oigusosak@sisemin.gov.ee";"";"";"";"";"";"";""
37;"Üldosakond";"";"ÜO";"";"";"yldosak@sisemin.gov.ee";"";"";"";"";"";"";""
38;"Rahandusosakond";"";"RHO";"";"";"rahandus@sisemin.gov.ee";"";"";"";"";"";"";""
39;"Eesti Telefon";"";"ET";"";"";"info@et.ee";"639 7353";"639 7200";"Kreutzwaldi 12";"Tallinn";"15033";"";""
40;"Haridus- ja Teadusministeerium";"";"HTM";"";"";"hm@hm.ee";"";"735 0250";"Munga 18";"Tartu";"50088";"";"Üldosakond Tõnismägi 9/11 Tallinn, tel 628 1351"
41;"Kaitseministeerium";"";"KaM";"";"";"kantselei@kmin.ee";"717 0022";"717 0001";"Sakala 1";"Tallinn";"15094";"";""
42;"Keskkonnaministeerium";"";"KeM";"";"teave2@envir.ee";"keskkonnaministeerium@envir.ee";"626 2802";"626 2802";"Narva mnt 7a";"Tallinn";"15172";"";""
43;"Kultuuriministeerium";"";"KuM";"";"";"min@kul.ee";"628 2222";"628 2200";"Suur-Karja 23";"Tallinn";"15076";"";""
44;"Majandus- ja Kommunikatsiooniministeerium";"";"MkM";"";"";"info@mkm.ee";"625 6342";"631 3660";"Harju 11";"Tallinn";"15072";"";""
45;"Põllumajandusministeerium";"";"PoM";"";"";"pm@agri.ee";"625 6101";"625 6200";"Lai 39/41";"Tallinn";"15056";"";""
46;"Rahandusministeerium";"";"RaM";"";"";"info@fin.ee";"611 3558";"696 6810";"Suur-Ameerika 1";"Tallinn";"15006";"";""
49;"Maksu- ja Tolliamet";"";"MTA";"";"";"emta@emta.ee";"696 7722";"696 7727";"Narva mnt 9a";"Tallinn";"15176";"";""
50;"Riigikontroll";"";"";"";"";"info@riigikontroll.ee";"640 0700";"661 6012";"Narva mnt 11a";"Tallinn";"15013";"";""
52;"Pae Kinnisvarahaldus";"";"";"";"";"pae@anet.ee";"632 8239";"633 1178";"Pae 74";"Tallinn";"13620";"";""
54;"Harju Maavalitsus";"";"";"";"";"kantselei@mv.harju.ee";"611 8701";"611 8602";"Roosikrantsi 12";"Tallinn";"15077";"";""
55;"Hiiu Maavalitsus";"";"";"";"";"mv@mv.hiiumaa.ee";"463 1129";"463 1089";"Leigri väljak 5";"Kärdla";"92401";"";""
56;"Ida-Viru Maavalitsus";"";"";"";"";"kantselei@ivmv.ee";"332 1201";"332 1240";"Keskväljak 1";"Jõhvi";"41594";"";""
57;"Jõgeva Maavalitsus";"";"";"";"";"mv@jogevamv.ee";"776 6333";"776 6334";"Suur 3";"Jõgeva";"48306";"";""
58;"Lääne Maavalitsus";"";"";"";"";"info@lmv.ee";"472 5600";"472 5601";"Lahe 8";"Haapsalu";"90503";"";""
59;"Lääne-Viru Maavalitsus";"";"";"";"";"maavalitsus@l-virumv.ee";"325 8001";"325 8003";"Kreutzwaldi 5";"Rakvere";"44314";"";""
60;"Põlva Maavalitsus";"";"";"";"";"mv@polvamaa.ee";"799 8900";"799 8903";"Kesk 20";"Põlva";"63308";"";""
61;"Pärnu Maavalitsus";"";"";"";"";"mv@mv.parnu.ee";"447 9733";"447 9735";"Akadeemia 2";"Pärnu";"80088";"";""
62;"Rapla Maavalitsus";"";"";"";"";"maavalitsus@raplamv.ee";"484 1162";"484 1130";"Tallinna mnt 14";"Rapla";"79513";"";""
63;"Saare Maavalitsus";"";"";"";"";"maavalitsus@saare.ee";"452 0501";"452 0503";"Lossi 1";"Kuressaare";"93816";"";""
64;"Tartu Maavalitsus";"";"";"";"";"mv@tartumaa.ee";"730 5200";"730 5201";"Riia mnt 15";"Tartu";"51010";"";""
65;"Valga Maavalitsus";"";"";"";"";"info@valgamv.ee";"766 6111";"766 6157";"Kesk 12";"Valga";"68203";"";""
66;"Viljandi Maavalitsus";"";"";"";"";"info@viljandimaa.ee";"433 0400";"433 0404";"Vabaduse plats 2";"Viljandi";"71020";"";""
67;"Võru Maavalitsus";"";"";"";"";"mv@mv.werro.ee";"786 8301";"786 8302";"Jüri 12";"Võru";"65620";"";""
68;"Järva Maavalitsus";"";"";"";"";"jmv@jarvamv.ee";"385 9601";"385 0519";"Rüütli 25";"Paide";"72713";"";""
69;"Statistikaamet";"";"";"";"";"stat@stat.ee";"625 9208";"662 1531";"Endla 15";"Tallinn";"15174";"";""
70;"Riigihangete Amet";"";"";"";"";"info@rha.gov.ee";"620 1811";"631 1602";"Kiriku 2/4";"Tallinn";"10130";"";""
71;"Maa-amet";"";"";"";"";"maaamet@maaamet.ee";"665 0600";"665 0604";"Mustamäe tee 51 pk 1635";"Tallinn";"10602";"";""
72;"Rahvusarhiiv";"";"";"";"";"rahvusarhiiv@ra.ee";"738 7500";"738 7510";"J.Liivi 4";"Tartu";"50409";"";""
75;"Tallinna Halduskohus";"";"";"";"";"talhk.info@just.ee";"628 2728";"628 2737";"Pärnu mnt 7";"Tallinn";"15082";"";""
77;"Tallinna Ringkonnakohus";"";"";"";"";"talrk@talrk.just.ee";"628 2786";"628 2790";"Pärnu mnt 7";"Tallinn";"15084";"";""
78;"Õiguskantsleri Kantselei";"";"";"";"";"info@oiguskantsler.ee";"693 8424";"646 1049";"Tõnismägi 16";"Tallinn";"15193";"";""
79;"Kaitsevägi";"";"";"";"";"mil@mil.ee";"666 1190";"666 1008";"Juhkentali 58";"Tallinn";"15007";"";""
81;"Eesti Kiirguskeskus";"";"";"";"";"info@ekk.envir.ee";"660 3336";"660 3352";"Kopli 76";"Tallinn";"10416";"";""
82;"Teabeamet";"";"";"";"";"info@teabeamet.ee";"693 5000";"693 5001";"Rahumäe tee 4B";"Tallinn";"11316";"";""
83;"Eesti Linnade Liit";"";"ELL";"";"";"info@ell.ee";"6943411";"6943425";"Ahtri 8";"Tallinn";"15078";"EST";""
84;"Eesti Omavalitsusliitude Liit";"";"EMOL";"";"";"info@emovl.ee";"6484928";"6311990";"Valge 13 Tallinn 11415";"";"";"";""
85;"Saku Läte";"";"";"";"";"sakulate@sakulate.ee ";"6140 808";"6120 809";"Saku 15";"Tallinn";"11314";"";""
86;"Eesti Punane Rist";"";"";"";"";"riina.kabi@redcross.ee";"6411 643";"6411 125";"Lai 17";"Tallinn";"10133";"";""
87;"Eesti Evangeelne Luterlik Kirik";"";"EELK";"";"";"konsistoorium@eelk.ee";"627 7350/7351";"627 7352";"Kiriku plats 3";"Tallinn";"10130";"";""
88;"Pärnu Maakohus Pärnu kohtumaja";"";"";"";"";"parnumk.info@just.ee";"044 79500/506";"044 79590";"Kuninga 22";"Pärnu";"80099";"";""
89;"Tartu Maakohus Tartu kohtumaja";"";"";"";"";"tartumk.info@just.ee";"07 432 931";"07 441 591";"Ülikooli 5";"50092";"Tartu";"";""
90;"Eesti Ühispank";"";"";"";"";"info@seb.ee";"6655 100";"6655 102";"Tornimäe 2";"Tallinn";"15010";"";""
91;"Eesti Energia";"";"";"";"";"info@energia.ee";"640 0666";"640 0616";"Kreutzwaldi 2";"Tallinn";"10120";"";""
92;"Eesti Autorite Ühing";"";"";"";"";"eau@eau.org";"6684 360";"668 4361";"Lille 13";"Tallinn";"10614";"";""
93;"ELKE Auto AS";"";"";"";"";"lexus@elkeauto.ee";"6505 700";"6505 707";"Mustamäe tee 22/Forelli 2";"Tallinn";"10621";"";""
94;"Eesti Kristlik Nelipühi Kirik Tallinna Kogudus";"";"";"";"";"eknk@eknk.ee";"6606 973";"6606 982";"Mardi 11";"Tallinn";"10113";"";""
95;"Eesti Migratsioonifond";"";"";"";"";"fond@migfond.ee";"650 5941";"650 5942";"Paavli 1";"Tallinn";"10412";"";""
96;"Riigi ja Omavalitsusasutuste Töötajate Ametühingute Liit";"";"";"";"";"rotal@online.ee";"6612 393/453";"";"Rävala pst 8-B210";"Tallinn";"10143";"";""
99;"Piirivalve Lennusalk";"";"";"";"";"aviation@lennusalk.pv.ee";"6922 271";"6399 509";"Süsta 15";"Tallinn";"11712";"";""
134;"Andmekaitse Inspektsioon";"";"AKI";"";"";"info@dp.gov.ee";"627 4135";"627 5137";"Väike-Ameerika 19";"Tallinn";"10129";"";""
136;"Eestimaa Rahvaliit";"";"";"";"";"erl@erl.ee";"611 2909";"";"Marja 4d";"Tallinn";"10617";"";""
138;"Eesti Keskerakond";"";"";"";"";"keskerakond@keskerakond.ee";"";"";"Toom-Rüütli 3/5";"Tallinn";"10613";"";""
140;"Eesti Reformierakond";"";"";"";"";"info@reform.ee";"";"";"Tõnismägi 3A-15";"Tallinn";"";"";""
141;"Isamaa ja Res Publica Liit";"";"";"";"";"info@irl.ee";"";"";"Wismari 11";"Tallinn";"";"";""
142;"Sotsiaaldemokraatlik erakond";"";"";"";"";"kantselei@sotsdem.ee";"";"";"Narva mnt 20-6";"Tallinn";"10120";"";""
143;"Lennuamet";"";"";"Estonian Civil Aviation Administration";"";"ecaa@ecaa.ee";"694 9666";"694 9667";"Rävala pst 8";"Tallinn";"10143";"";""
144;"Hiiu Maavalitsuse registrite osakond";"";"";"";"";"mv@mv.hiiumaa.ee";"";"";"Leigri 5";"Kärdla";"92412";"";""
145;"Harju Maavalitsus Rahvastiku Toimingute talitus";"";"";"";"";"eevi.alaniit@mv.harju.ee";"";"";"Rävala 8, Tallinn 10143";"";"";"";""
146;"Ida-Viru Maavalitsus perekonnaseisuosakond";"";"";"";"";"kantselei@ivmv.ee";"";"";"Kivi 10, Jõhvi 41533";"";"";"";""
147;"Jõgeva Maavalitsus kantselei rahvastiku toimingute talitus";"";"";"";"";"mv@jogevamv.ee";"";"";"Suur 3, Jõgeva";"";"";"";""
148;"Järva Maavalitsus kantselei rahvastikutoimingute talitus";"";"";"";"";"mv@jogevamv.ee";"";"";"Rüütli 25, Paide";"";"";"";""
149;"Lääne Maavalitsuse perekonnaseisuosakond";"";"";"";"";"pso@lmv.ee";"";"";"Kooli 5, Haapsalu";"";"";"";""
152;"Põlva Maavalitsus perekonnaseisuosakond";"";"";"";"";"mv@polvamaa.ee";"";"";"Kesk 20, Põlva";"";"";"";""
153;"Pärnu Maavalitsuse kantselei rahvastiku toimingute talitus";"";"";"";"";"aino.lankots@mv.parnu.ee";"";"";"Akadeemia 2, Pärnu";"";"";"";""
155;"Saare Maavalitsus perekonnaseisuosakond";"";"";"";"";"maavalitsus@saare.ee";"";"";"Kitsas 3, Kuressaare";"";"";"";""
158;"Tartu Maavalitsus Rahvastikutoimingute talitus";"";"";"";"";"mv@tartumaa.ee";"";"";"Tiigi 12, Tartu";"";"";"";""
159;"Valga Maavalitsus rahvastikutoimingute talitus";"";"";"";"";"info@valgamv.ee";"";"";"Aia 17, Valga";"";"";"";""
160;"Viljandi Maavalitsus perekonnaseisuosakond";"";"";"";"";"maaval@viljandimaa.ee";"";"";"Vabaduse 6, Viljandi";"";"";"";""
161;"Võru Maavalitsus registriteosakond";"";"";"";"";"mv@mv.werro.ee";"";"";"Jüri 12, Võru";"";"";"";""
163;"Kohtuekspertiisi- ja Kriminalistika Keskus";"70000875";"";"";"";"kohtuekspertiis@kekk.pol.ee";"612 5300";"612 5309";"Pärnu mnt 328";"Tallinn";"11611";"";""
164;"Riigi Teataja Kirjastus";"";"";"";"";"ert@riigikantselei.ee";"693 5872";"693 5871";"Lossi plats 1a";"Tallinn";"15163";"";""
165;"Ettevõtluse Arendamise Sihtasutus";"";"EAS";"";"";"eas@eas.ee";"6279700";"6 279 701";"Lasnamäe 2, 11412 Tallinn";"";"";"";""
167;"Lääne-Viru Omavalitsuste Liit";"";"";"";"";"virol@virol.ee";"";"";"Kreutzwaldi 5";"Rakvere";"44314";"";""
168;"Lastekaitse Liit";"";"";"";"";"liit@lastekaitseliit.ee";"6311128";"6311735";"Endla 6-18";"Tallinn";"10142";"";""
170;"Viljandimaa Omavalitsuste Liit";"";"";"";"";"vol@vol.ee";"";"";"Vabaduse plats 4";"Viljandi";"71020";"EST";""
171;"Ida-Virumaa Omavalitsuste Liit";"";"";"";"";"ivol@ivol.ee";"";"";"Keskväljaku 1-301";"Jõhvi";"41594";"EST";""
172;"Räpina Äriabikeskus";"";"";"";"";"ariabi@ariabi.ee";"";"";"Hariduse 1";"Räpina";"64505 Põlvamaa";"EST";""
173;"Võrtsjärve SA";"";"";"";"";"jaanika@vortsjarv.ee";"";"";"Kruusa 15";"Elva";"61503";"EST";""
177;"Tartu Ülikool";"";"";"";"";"info@ut.ee";"";"";"Ülikooli 18";"Tartu";"50090";"EST";""
178;"Lõuna Prefektuur";"";"";"";"";"louna@politsei.ee";"730 8805";"730 8809";"Riia 132";"Tartu";"50096";"";""
179;"Põhja Prefektuur";"";"";"";"";"pohja@politsei.ee";"";"";"Pärnu mnt 139";"Tallinn";"15074";"";""
180;"Lääne Prefektuur";"";"";"";"";"laane@politsei.ee";"444 6405";"444 6409";"Pikk 18";"Pärnu";"80089";"";""
181;"Ida Prefektuur";"";"";"";"";"ida@politsei.ee";"337 2200";"337 2300";"Rahu 27";"Jõhvi";"41588";"";""
182;"Põlva Linnavalitsus";"";"";"";"";"polvalinn@polvalv.ee";"";"";"Kesk 15";"Põlva";"63308";"";""
183;"Tallinna Tehnikaülikool";"";"";"";"";"ttu@ttu.ee";"";"";"Ehitajate tee 5";"tallinn";"19086";"";""
184;"Tallinna Laste Tugikeskus";"";"";"";"";"info@lastetugi.ee";"";"";"Asula 11";"Tallinn";"11312";"";""
185;"Hiiumaa Omavalitsuste Liit";"";"";"";"";"hol@mv.hiiumaa.ee";"";"";"Leigri väljak 5";"Kärdla";"92401";"";""
186;"Valgamaa Omavalitsuste Liit";"";"";"";"";"ellen.eglit@valgamv.ee";"";"";"Kesk 12";"Valga";"68203";"";""
187;"Võrumaa Kutsehariduskeskus";"";"";"";"";"";"";"";"Väimela,Võru vald";"Võru maakond";"65501";"";""
188;"Nõo Vallavalitsus";"";"";"";"";"vald@nvv.ee";"";"";"Voika 23";"Nõo, Tartumaa";"61601";"";""
190;"Saue Linnavalitsus";"";"";"";"";"saue@saue.ee";"";"";"Tule 7";"Saue";"76505";"";""
192;"Eesti Mükoloogia Uuringutekeskus SA";"";"";"";"";"info@majavamm.ee ";"";"";"Soola 1A";"Tartu";"51014";"";""
193;"Vastseliina Vallavalitsus";"";"";"";"";"vald@vastseliina.ee";"";"";"Võidu 14";"Vastseliina";"65201 Võrumaa";"";""
194;"Jõgevamaa Omavalitsuste Liit";"";"";"";"";"ovl@jogevamv.ee";"";"";"Suur tn 3";"Jõgeva";"48306";"";""
195;"Otepää Vallavalitsus";"";"";"";"";"vald@otepaa.ee";"";"";"Lipuväljak 13";"Otepää";"67405";"";""
196;"Eesti Puuetega Inimeste Koda";"";"";"";"";"epikoda@epikoda.ee ";"";"";"Toompuiestee 10";"Tallinn";"10137";"";""
197;"Tartu Linnavalitsus";"";"";"";"";"lv@raad.tartu.ee";"";"";"Raekoja plats 12";"Tartu";"51004";"";""
201;"Alatskivi vallavalitsus";"";"";"";"";"sekretar@alatskivi.ee";"";"";"Alatskivi";"Tartumaa";"60201";"";""
202;"SA Narva Ärinõuandla";"";"";"";"";"nbas@nbas.ee";"";"";"Peetri 1-308";"Narva";"20308";"";""
203;"Kasepää Vallavalitsus";"";"";"";"";"vald@kasepaa.ee";"";"";"Raja,Kasepää vald";"Jõgevamaa";"49501";"";""
204;"Värska vallavalitsus";"";"";"";"";"vald@verska.ee";"";"";"Pikk 12";"Värska";"64001";"";""
205;"MTÜ Living for Tomorrow";"";"";"";"";"sirle@aids.ee";"";"";"Mardi tn 3";"Tallinn";"10145";"";""
206;"Haanja Vallavalitsus";"";"";"";"";"vald@haanjavv.werro.ee";"";"";"Haanja";"Võru";"65101";"";""
208;"Tartu Vallavalitsus";"";"";"";"";"tartuvv@tartuvv.ee";"";"";"Haava sidejaoskond";"";"60501";"";""
210;"Narva Linnavalitsus";"";"";"";"";"narvalv@narva.ee";"";"";"Peetri plats 5 pk 158";"Narva";"21007";"";""
211;"Eesti Isikuloo Keskus";"";"";"";"";"";"";"";"Tiigi 10-51 Tartu";"";"51003";"";""
213;"Eesti Maaomavalitsuste Liit";"";"EMOL";"";"";"info@emovl.ee";"6311990  GSM 50 23000";"6484928";"Sirge tn.2 Tallinn 10618";"Tallinn";"";"";""
214;"Vaivara Vallavalitsus";"";"";"";"";"vaivara@vaivara.ee";"";"";"Pargi 2";"Sinimäe";"40101";"";""
215;"Jõgevamaa Arendus- ja Ettevõtluskeskus SA";"";"";"";"";"jogeva.evk@neti.ee";"";"";"Aia 2";"Jõgeva";"48306";"";""
216;"Eesti Mittetulundusühingute ja Sihtasutuste Liit";"";"EMSL";"";"";"info@ngo.ee";"630 9630";"";"Pikk 11";"Tallinn";"10123";"";""
218;"Restoran Balthasar";"";"";"";"";"balthasar@ag.ee ";"";"";"Raekoja plats 11";"Tallinn";"10146";"";""
223;"Võru Muusikakool";"";"";"";"";"";"";"";"Vabaduse 5";"Võru";"65609";"";""
225;"Tartumaa Omavalitsuste Liit";"";"";"";"";"tol@tartumaa.ee";"";"";"Riia 15";"Tartu";"51010";"";""
227;"Valga Linnavalitsus";"";"";"";"";"valgalv@valgalv.ee";"";"";"Puiestee 8";"Valga";"68203";"";""
228;"Viljandi Linnavalitsus";"";"";"";"";"viljandi@viljandi.ee";"";"";"Linnu 2";"Viljandi";"71020";"";""
229;"SA Tallinna Lastehaigla Toetusfond";"";"";"";"";"toetusfond@lastehaigla.ee";"";"";"Tervise 28";"Tallinn";"13419";"";""
232;"Võrumaa Omavalitsuste Liit";"";"";"";"";"vol@mv.werro.ee";"";"";"Jüri tn. 12";"Võru";"65620";"";""
233;"TLÜ Rakvere Kolledz";"";"";"";"";"rakvere@tlu.ee";"";"";"Pikk 40";"Rakvere";"44307";"";""
234;"Tallinna Ülikool";"";"";"";"";"tlu@tlu.ee";"";"";"Narva mnt. 25";"Tallinn";"10120";"";""
235;"Poliitikauuringute Keskus PRAXIS";"";"";"";"";"praxis@praxis.ee";"";"";"Estonia pst.3/5";"Tallinn";"10143";"";""
236;"Eesti Vähiliit";"";"";"";"";"info@cancer.ee ";"";"";"Nunne 2";"Tallinn";"10133";"";""
237;"SA Tartu Teaduspark";"";"";"";"";"info@park.tartu.ee";"";"";"Riia t. 185";"Tartu";"51014";"";""
238;"Rõuge vallavalitsus";"";"";"";"";"vald@rauge.ee";"";"";"Ööbikuoru 1";"Rõuge";"66201";"";""
240;"SA Põlvamaa Arenduskeskus";"";"";"";"";"pak@polvamaa.ee";"";"";"Kesk 20";"Põlva";"63308";"";""
241;"MTÜ Tartu Üliõpilasmaja";"";"";"";"";"tym@ut.ee";"";"";"Kalevi 24";"Tartu";"51010";"";""
245;"MTÜ Lilleoru";"";"";"";"";"ave@loodusjoud.ee";"";"";"Lilleoru talu,Rae vald";"Harjumaa";"75302";"";""
246;"Pärnumaa Omavalitsuste Liit";"";"";"";"";"pol@mv.parnu.ee";"";"";"Akadeemia 2-411";"Pärnu";"80010";"";""
248;"Innopolis Konsultatsioonid AS";"";"";"";"";"info@innopolis.ee ";"";"";"Ahtri 8";"Tallinn";"10151";"";""
249;"Jõgeva Vallavalitsus";"";"";"";"";"info@jogevavv.ee";"";"";"Piiri 4";"Jõgeva";"48307";"";""
250;"Nõmme Linnaosa Valitsus";"";"";"";"";"nomme@tallinnlv.ee";"";"";"Vabaduse pst.65";"Tallinn";"11211";"";""
252;"Riigi Infosüsteemide Arenduskeskus";"";"RIA";"";"";"ria@ria.ee ";"";"";"Rahukohtu 2";"Tallinn";"15169";"";""
253;"Balti Keskkonnafoorum";"";"";"";"";"info@bef.ee ";"";"";"Rävala 8-40";"Tallinn";"10143";"";""
254;"Pärnu Linnavalitsus";"";"";"";"";"linnavalitsus@lv.parnu.ee";"";"";"Uus 4";"Pärnu";"80098";"";""
255;"Lihula Vallavalitsus";"";"";"";"";"vallavanem@lihula.ee";"";"";"Jaama 1";"Lihula";"90302 Läänemaa";"";""
259;"Paikuse Vallavalitsus";"";"";"";"";"paikuse@paikuse.ee";"";"";"Pärnade pst. 11";"Pärnumaa";"86602";"";""
261;"Kaitseressursside Amet";"";"";"";"";"krainfo@kra.ee";"";"";"";"";"";"";""
263;"Hiiumaa Päästeteenitus";"";"";"";"";"hiiumaa@rescue.ee";"4622077";"";"";"";"";"";""
266;"Lääne-Virumaa Päästeteenistus";"";"";"";"";"sek@viru.rescue.ee";"";"";"";"";"";"";""
267;"Põlvamaa Päästeteenistus";"";"";"";"";"polva@rescue.ee";"";"";"";"";"";"";""
268;"Pärnumaa Päästeteenistus";"";"";"";"";"parnu@rescue.ee";"";"";"";"";"";"";""
269;"Raplamaa Päästeteenistus";"";"";"";"";"urve.vaher@rescue.ee";"";"";"";"";"";"";""
270;"Saaremaa Päästeteenistus";"";"";"";"";"saare@rescue.ee";"";"";"";"";"";"";""
271;"Tartumaa Päästeteenistus";"";"";"";"";"tartu@tartu.rescue.ee";"";"";"";"";"";"";""
272;"Valgamaa Päästeteenistus";"";"";"";"";"vaino.rimm@rescue.ee";"";"";"";"";"";"";""
273;"Viljandimaa Päästeteenistus";"";"";"";"";"viljandi@rescue.ee";"";"";"";"";"";"";""
274;"Võrumaa Päästeteenistus";"";"";"";"";"werro@rescue.ee";"";"";"";"";"";"";""
276;"Maavalitsused";"";"";"";"";"maavalitsused@siseministeerium.ee";"";"";"";"";"";"";""
277;"Vabariigi Presidendi Kantselei";"";"";"";"";"vpinfo@vpk.ee";"";"";"";"";"";"";""
278;"Riigiprokuratuur";"";"";"";"";"info@prokuratuur.ee";"";"";"";"";"";"";""
280;"Riigikogu";"";"";"";"";"riigikogu@riigikogu.ee";"";"";"";"";"";"";""
281;"Läänemaa Päästeteenistus";"";"";"";"";"west@rescue.ee";"";"";"";"";"";"";""
283;"Kaitseliit";"";"";"";"";"info@kaitseliit.ee ";"";"";"";"";"";"";""
284;"Veterinaar-ja Toiduamet";"";"";"";"";"vet@vet.agri.ee ";"";"";"";"";"";"";""
285;"Riigikantselei istungiteosakond";"";"";"";"";"istung@riigikantselei.ee";"";"";"";"";"";"";""
286;"Eesti Kirikute Nõukogu";"";"";"";"";"ekn@ekn.ee";"";"";"";"";"";"";""
287;"Väike-Maarja Päästekool";"";"";"";"";"rescueschool@v-maarja.ee";"";"";"";"";"";"";""
288;"Balti-Ameerika Partnerlusprogramm";"";"";"";"";"katrin@oef.org.ee ";"";"";"";"";"";"";""
289;"Res Publica";"";"";"";"";"respublica@respublica.ee";"";"";"";"";"";"";""
290;"Eesti Kristlik Rahvapartei";"";"";"";"";"ekrp@ekrp.ee ";"";"";"";"";"";"";""
292;"Veeteede Amet";"";"";"";"";"eva@vta.ee";"620 5500";"620 5506";"Valge 4";"Tallinn";"11413";"";""
293;"Märjamaa Vallavalitsus";"";"";"";"";"maral@estpak.ee";"";"";"";"";"";"";""
294;"Noarootsi Vallavalitsus";"";"";"";"";"vv@noavv.ee";"";"";"";"";"";"";""
295;"Türi Vallavalitsus";"";"";"";"";"vallavalitsus@tyri.ee";"";"";"";"";"";"";""
296;"Väike-Maarja Vallavalitsus";"";"";"";"";"vv@v-maarja.ee";"";"";"";"";"";"";""
297;"Jõhvi Vallavalitsus";"";"";"";"";"johvi@johvi.ee";"";"";"";"";"";"";""
298;"Kuusalu Vallavalitsus";"";"";"";"";"vallavalitsus@kuusalu.ee";"";"";"";"";"";"";""
299;"Saarde Vallavalitsus";"";"";"";"";"saarde@parnumaa.ee";"";"";"";"";"";"";""
300;"Suure-Jaani Vallavalitsus";"";"";"";"";"suure-jaani@suure-jaani.ee";"";"";"";"";"";"";""
301;"Tamsalu Vallavalitsus";"";"";"";"";"tamsalu@tamsalu.ee";"";"";"";"";"";"";""
302;"Tallinna Linnakantselei";"";"";"";"";"lvpost@tallinnlv.ee";"";"";"";"";"";"";""
303;"Tapa Vallavalitsus";"";"";"";"";"vallavalitsus@tapa.ee";"";"";"";"";"";"";""
304;"Sisekaitseakadeemia Üliõpilasesindus";"";"";"";"";"esindus@sisekaitse.ee";"";"";"";"";"";"EST";""
305;"Tallinna Perekonnaseisuamet";"";"";"";"";"prksa@tallinnlv.ee";"";"";"Pärnu mnt 67";"Tallinn";"10135";"";""
306;"Saaremaa Omavalitsuste Liit";"";"";"";"";"sol@tt.ee";"";"";"";"";"";"";""
307;"Kihnu Vallavalitsus";"";"";"";"";"info@kihnuvald.ee";"";"";"";"";"";"";""
308;"Kihnu Kultuuriruum SA";"";"";"";"";"annely.akkermann@kihnu.ee";"";"";"";"";"";"";""
309;"Inflot Mereagentuur";"";"";"";"";"inflot@inflot.ee";"";"";"";"";"";"";""
310;"Tallinna Sadam";"";"";"";"";"portoftallinn@ts.ee";"";"";"";"";"";"";""
311;"Eesti Projektbüroode Liit";"";"";"";"";"epbl@online.ee";"";"";"";"";"";"";""
312;"Kaitseministeeriumi kooskõlastused";"";"";"";"";"kantselei@kmin.ee";"";"";"";"";"";"";""
313;"Tervisekaitseinspektsioon";"";"";"";"";"kesk@tervisekaitse.ee";"694 3500";"6943501";"Paldiski mnt 81";"Tallinn";"10617";"";""
314;"Keskkonnainspektsioon";"";"";"";"";"valve@kki.ee";"660 3333";"696 2237";"Kopli 76";"Tallinn";"10416";"";""
315;"Viimsi Vallavalitsus";"";"Viimsi VV";"";"";"info@viimsivv.ee";"";"";"Nelgi tee 1";"Viimsi";"74001";"EST";""
316;"Tartu Ülikooli Pärnu Kolledz";"";"";"";"";"info@pc.ut.ee";"";"";"";"";"";"";""
317;"Viljandi Ühendatud Kutsekeskkool";"";"";"";"";"info@vykk.vil.ee";"";"";"";"";"";"";""
320;"Võru Linnavalitsus";"";"";"";"";"vlv@voru.ee";"";"";"Jüri tn. 11";"Võru";"65620";"";""
321;"Muraste Piirivalvekool";"";"";"";"";"piirivalvekool@piirivalvekool.ee";"";"";"";"";"";"";""
322;"Kohtla-Järve Linnavalitsus";"";"";"";"";"linnavalitsus@kjlv.ee";"";"";"Keskallee 19";"Kohtla-Järve";"30395";"";""
323;"Tartu Keskkonnahariduse Keskus";"";"";"";"";"info@teec.ee";"";"";"Kompanii 10";"Tartu";"51007";"";""
324;"Integratsiooni ja Migratsiooni SA Meie Inimiesed";"";"MISA";"";"";"info@meis.ee";"6599021";"6599022";"Liimi 1";"Tallinn";"10621";"EST";""
325;"Setomaa Valdade Liit MTÜ";"";"";"";"";"info@setomaa.ee";"";"";"";"";"";"";""
327;"Kõpu Vallavalitsus";"";"";"";"";"vald@kopu.ee";"";"";"";"";"";"";""
330;"Narva-Jõesuu Sanatoorium";"";"";"";"";"info@narvajoesuu.ee";"";"";"";"";"";"";""
331;"Aegviidu Vallavalitsus";"";"";"";"";"aegvv@aegviidu.ee";"";"";"";"";"";"";""
332;"Anija Vallavalitsus";"";"";"";"";"anija@anija.ee";"";"";"";"";"";"";""
333;"Harku Vallavalitsus";"";"";"";"";"harku@harku.ee";"";"";"";"";"";"";""
334;"Jõelähtme Vallavalitsus";"";"";"";"";"lia@joelahtme.ee";"";"";"";"";"";"";""
335;"Keila Vallavalitsus";"";"";"";"";"valitsus@keilavald.ee";"";"";"";"";"";"";""
336;"Kernu Vallavalitsus";"";"";"";"";"kernuvv@datanet.ee";"";"";"";"";"";"";""
337;"Kiili Vallavalitsus";"";"";"";"";"info@kiilivald.ee";"";"";"";"";"";"";""
338;"Kose Vallavalitsus";"";"";"";"";"vald@kose.ee";"";"";"";"";"";"";""
339;"Kõue Vallavalitsus";"";"";"";"";"vald@koue.ee";"";"";"";"";"";"";""
341;"Nissi Vallavalitsus";"";"";"";"";"nissi@nissi.ee";"";"";"";"";"";"";""
342;"Padise Vallavalitsus";"";"";"";"";"padise@padise.ee";"";"";"";"";"";"";""
343;"Raasiku Vallavalitsus";"";"";"";"";"raasiku.vald@raasiku.ee";"";"";"";"";"";"";""
344;"Rae Vallavalitsus";"";"";"";"";"info@rae.ee";"";"";"";"";"";"";""
345;"Saku Vallavalitsus";"";"";"";"";"saku@sakuvald.ee";"";"";"";"";"";"";""
346;"Saue Vallavalitsus";"";"";"";"";"info@sauevald.ee";"";"";"";"";"";"";""
347;"Vasalemma Vallavalitsus";"";"";"";"";"vald@vasalemma.ee";"";"";"";"";"";"";""
349;"Kõrgessaare Vallavalitsus";"";"";"";"";"valitsus@korgessaare.hiiumaa.ee";"";"";"";"";"";"";""
350;"Käina Vallavalitsus";"";"";"";"";"valitsus@kaina.hiiumaa.ee";"";"";"";"";"";"";""
351;"Pühalepa Vallavalitsus";"";"";"";"";"valitsus@pyhalepa.hiiumaa.ee";"";"";"";"";"";"";""
352;"Alajõe Vallavalitsus";"";"";"";"";"alajoevv@alajoevv.ee";"";"";"";"";"";"";""
353;"Aseri Vallavalitsus";"";"";"";"";"info@aserivv.ee";"";"";"";"";"";"";""
354;"Avinurme Vallavalitsus";"";"";"";"";"avinurme@avinurme.ee";"";"";"";"";"";"";""
355;"Iisaku Vallavalitsus";"";"";"";"";"iisakuvv@iisakuvv.ee";"";"";"";"";"";"";""
356;"Illuka Vallavalitsus";"";"";"";"";"illuka@illukavv.ee";"";"";"";"";"";"";""
357;"Kohtla Vallavalitsus";"";"";"";"";"kohtlavv@kohtlavv.ee";"";"";"";"";"";"";""
358;"Kohtla-Nõmme Vallavalitsus";"";"";"";"";"vald@kohtlanomme.ee";"";"";"";"";"";"";""
359;"Lohusuu Vallavalitsus";"";"";"";"";"lohusuuvv@lohusuuvv.ee";"";"";"";"";"";"";""
360;"Lüganuse Vallavalitsus";"";"";"";"";"kantselei@lyganusevv.ee";"";"";"";"";"";"";""
361;"Maidla Vallavalitsus";"";"";"";"";"maidlavald@maidlavv.ee";"";"";"";"";"";"";""
362;"Mäetaguse Vallavalitsus";"";"";"";"";"maetagusevv@maetagusevv.ee";"";"";"";"";"";"";""
363;"Sonda Vallavalitsus";"";"";"";"";"sondavv@sondavv.ee";"";"";"";"";"";"";""
364;"Toila Vallavalitsus";"";"";"";"";"info@toila.ee";"";"";"";"";"";"";""
365;"Tudulinna Vallavalitsus";"";"";"";"";"tudulinnavv@tudulinnavv.ee";"";"";"";"";"";"";""
366;"Pajusi Vallavalitsus";"";"";"";"";"info@pajusi.ee";"";"";"";"";"";"";""
367;"Pala Vallavalitsus";"";"";"";"";"info@pala.ee";"";"";"";"";"";"";""
368;"Palamuse Vallavalitsus";"";"";"";"";"vald@palamuse.ee";"";"";"";"";"";"";""
369;"Puurmani Vallavalitsus";"";"";"";"";"info@puurmani.ee";"";"";"";"";"";"";""
370;"Põltsamaa Vallavalitsus";"";"";"";"";"info@kesk.ee";"";"";"";"";"";"";""
371;"Saare Vallavalitsus";"";"";"";"";"info@saarevv.ee";"";"";"";"";"";"";""
372;"Tabivere Vallavalitsus";"";"";"";"";"info@tabivere.ee";"";"";"";"";"";"";""
373;"Torma Vallavalitsus";"";"";"";"";"info@torma.ee";"";"";"";"";"";"";""
374;"Albu Vallavalitsus";"";"";"";"";"albu.vald@albu.ee";"";"";"";"";"";"";""
375;"Ambla Vallavalitsus";"";"";"";"";"info@ambla.ee";"";"";"";"";"";"";""
376;"Imavere Vallavalitsus";"";"";"";"";"jyri.ellram@imaverevv.ee";"";"";"";"";"";"";""
377;"Järva-Jaani Vallavalitsus";"";"";"";"";"info@jjaani.ee";"";"";"";"";"";"";""
379;"Kareda Vallavalitsus";"";"";"";"";"kareda@estpak.ee";"";"";"";"";"";"";""
380;"Koeru Vallavalitsus";"";"";"";"";"Koeru@koeruvv.ee";"";"";"";"";"";"";""
381;"Koigi Vallavalitsus";"";"";"";"";"koigivv@koigi.ee";"";"";"";"";"";"";""
383;"Oisu Vallavalitsus";"";"";"";"";"oisuvv@estpak.ee";"";"";"";"";"";"";""
384;"Paide Vallavalitsus";"";"";"";"";"paide@paidevald.ee";"";"";"";"";"";"";""
385;"Roosna-Alliku Vallavalitsus";"";"";"";"";"rallikuvv@rallikuvv.ee";"";"";"";"";"";"";""
386;"Väätsa Vallavalitsus";"";"";"";"";"vvald@vaatsa.ee";"";"";"";"";"";"";""
387;"Avanduse Vallavalitsus";"";"";"";"";"avanduse.vald@avanduse.ee";"";"";"";"";"";"";""
388;"Haljala Vallavalitsus";"";"";"";"";"Haljala.vald@neti.ee";"";"";"";"";"";"";""
389;"Kadrina Vallavalitsus";"";"";"";"";"kadrina@kadrina.ee";"";"";"";"";"";"";""
390;"Laekvere Vallavalitsus";"";"";"";"";"laekvere@laekvere.ee";"";"";"";"";"";"";""
391;"Rakke Vallavalitsus";"";"";"";"";"vald@rakke.ee";"";"";"";"";"";"";""
392;"Rakvere Vallavalitsus";"";"";"";"";"vallavalitsus@rakverevald.ee";"";"";"";"";"";"";""
393;"Rägavere Vallavalitsus";"";"";"";"";"ragavere@estpak.ee";"";"";"";"";"";"";""
395;"Sõmeru Vallavalitsus";"";"";"";"";"vald@someru.ee";"";"";"";"";"";"";""
396;"Vihula Vallavalitsus";"";"";"";"";"vald@vihula.ee";"";"";"";"";"";"";""
397;"Vinni Vallavalitsus";"";"";"";"";"vallavalitsus@vinnivald.ee";"";"";"";"";"";"";""
398;"Viru-Nigula Vallavalitsus";"";"";"";"";"vallavalitsus@viru-nigula.ee ";"";"";"";"";"";"";""
399;"Martna Vallavalitsus";"";"";"";"";"vallavalitsus@martna.ee";"";"";"";"";"";"";""
400;"Nõva Vallavalitsus";"";"";"";"";"novavald@novavald.ee";"";"";"";"";"";"";""
401;"Oru Vallavalitsus";"";"";"";"";"vallavalitsus@oruvald.ee";"";"";"";"";"";"";""
402;"Ridala Vallavalitsus";"";"";"";"";"info@ridala.ee";"";"";"";"";"";"";""
403;"Risti Vallavalitsus";"";"";"";"";"vv@risti.ee";"";"";"";"";"";"";""
404;"Taebla Vallavalitsus";"";"";"";"";"vv@taebla.ee";"";"";"";"";"";"";""
405;"Vormsi Vallavalitsus";"";"";"";"";"vv@vormsi.ee";"";"";"";"";"";"";""
406;"Ahja Vallavalitsus";"";"";"";"";"ahja@ahja.ee";"";"";"";"";"";"";""
407;"Kanepi Vallavalitsus";"";"";"";"";"vald@kanepi.ee";"";"";"";"";"";"";""
408;"Kõlleste Vallavalitsus";"";"";"";"";"kolleste@kolleste.ee";"";"";"";"";"";"";""
409;"Laheda Vallavalitsus";"";"";"";"";"vald@laheda.ee";"";"";"";"";"";"";""
410;"Mikitamäe Vallavalitsus";"";"";"";"";"vald@mikita.edu.ee";"";"";"";"";"";"";""
411;"Mooste Vallavalitsus";"";"";"";"";"vald@mooste.ee";"";"";"";"";"";"";""
412;"Orava Vallavalitsus";"";"";"";"";"vald@orava.ee";"";"";"";"";"";"";""
413;"Põlva Vallavalitsus";"";"";"";"";"vald@polvavald.ee";"";"";"";"";"";"";""
414;"Räpina Vallavalitsus";"";"";"";"";"vald@rapina.polvamaa.ee";"";"";"";"";"";"";""
415;"Valgjärve Vallavalitsus";"";"";"";"";"vald@valgjarve.ee";"";"";"";"";"";"";""
416;"Vastse-Kuuste Vallavalitsus";"";"";"";"";"vald@vkuuste.ee";"";"";"";"";"";"";""
417;"Veriora Vallavalitsus";"";"";"";"";"vald@veriora.ee";"";"";"";"";"";"";""
418;"Are Vallavalitsus";"";"";"";"";"arevald@hot.ee";"";"";"";"";"";"";""
419;"Audru Vallavalitsus";"";"";"";"";"audruvv@estpak.ee";"";"";"";"";"";"";""
420;"Halinga Vallavalitsus";"";"";"";"";"halinga@halingavald.ee";"";"";"";"";"";"";""
421;"Häädemeeste Vallavalitsus";"";"";"";"";"info@haademeeste.ee";"";"";"";"";"";"";""
423;"Koonga Vallavalitsus";"";"";"";"";"koongavv@parnumaa.ee";"";"";"";"";"";"";""
424;"Lavassaare Vallavalitsus";"";"";"";"";"lavassaare@parnumaa.ee";"";"";"";"";"";"";""
425;"Sauga Vallavalitsus";"";"";"";"";"sauga@sauga.ee";"";"";"";"";"";"";""
426;"Surju Vallavalitsus";"";"";"";"";"surju@parnumaa.ee";"";"";"";"";"";"";""
427;"Tahkuranna Vallavalitsus";"";"";"";"";"tahkuranna@tahkuranna.ee";"";"";"";"";"";"";""
428;"Tali Vallavalitsus";"";"";"";"";"tali@parnumaa.ee";"";"";"";"";"";"";""
429;"Tootsi Vallavalitsus";"";"";"";"";"tootsi.vald@neti.ee";"";"";"";"";"";"";""
430;"Tori Vallavalitsus";"";"";"";"";"tori@torivald.ee";"";"";"";"";"";"";""
431;"Tõstamaa Vallavalitsus";"";"";"";"";"vald@tostamaa.ee";"";"";"";"";"";"";""
432;"Varbla Vallavalitsus";"";"";"";"";"varbla@parnumaa.ee";"";"";"";"";"";"";""
433;"Vändra Vallavalitsus";"";"";"";"";"vald@vandravald.ee";"";"";"Allikõnnu küla Vändra vald Pärnumaa 87604";"";"";"";"Alates 12.06.2009 Vändra vald ja Kaisma vald on liitunud ning ühtseks nimeks on Vändra vald."
434;"Juuru Vallavalitsus";"";"";"";"";"juuru@juuru.ee";"";"";"";"";"";"";""
435;"Järvakandi Vallavalitsus";"";"";"";"";"jarvakandi@jarvakandi.ee";"";"";"";"";"";"";""
436;"Kaiu Vallavalitsus";"";"";"";"";"vald@kaiu.ee";"";"";"";"";"";"";""
437;"Kahtna Vallavalitsus";"";"";"";"";"kehtna@kehtna.ee";"";"";"";"";"";"";""
438;"Kohila Vallavalitsus";"";"";"";"";"vallavalitsus@kohila.ee";"";"";"";"";"";"";""
439;"Käru Vallavalitsus";"";"";"";"";"karuinet@estpak.ee";"";"";"";"";"";"";""
440;"Raikküla Vallavalitsus";"";"";"";"";"raikkyla@estpak.ee";"";"";"";"";"";"";""
441;"Rapla Vallavalitsus";"";"";"";"";"rapla@rapla.ee";"";"";"";"";"";"";""
442;"Vigala Vallavalitsus";"";"";"";"";"vigala.vald@neti.ee";"";"";"";"";"";"";""
443;"Kaarma Vallavalitsus";"";"";"";"";"kaarma@saaremaa.ee";"";"";"";"";"";"";""
444;"Kihelkonna Vallavalitsus";"";"";"";"";"kihelkonna@kihelkonna.neti.ee";"";"";"";"";"";"";""
445;"Kärla Vallavalitsus";"";"";"";"";"karla@saare.info";"";"";"";"";"";"";""
446;"Laimjala Vallavalitsus";"";"";"";"";"laimjala@estpak.ee";"";"";"";"";"";"";""
447;"Leisi Vallavalitsus";"";"";"";"";"vald@leisivald.ee";"";"";"";"";"";"";""
448;"Lümanda Vallavalitsus";"";"";"";"";"lymanda@lymanda.ee";"";"";"";"";"";"";""
449;"Muhu Vallavalitsus";"";"";"";"";"vald@muhu.ee";"";"";"";"";"";"";""
450;"Mustjala Vallavalitsus";"75017981";"";"";"";"vald@mustjala.ee";"457 9722";"457 9630";"Mustjala, 93601 Mustjala küla, Saare Maakond";"";"";"";""
451;"Orissaare Vallavalitsus";"";"";"";"";"ovv@orissaare.ee";"";"";"";"";"";"";""
452;"Pihtla Vallavalitsus";"";"";"";"";"info@pihtlavv.ee";"";"";"";"";"";"";""
453;"Pöide Vallavalitsus";"";"";"";"";"p.vald@tt.ee";"";"";"";"";"";"";""
454;"Ruhnu Vallavalitsus";"";"";"";"";"ruhnu@ruhnu.ee";"";"";"";"";"";"";""
455;"Salme Vallavalitsus";"";"";"";"";"vald@salmevald.ee";"";"";"";"";"";"";""
456;"Targu Vallavalitsus";"";"";"";"";"torgu@torgu.saare.ee";"";"";"";"";"";"";""
457;"Valjala Vallavalitsus";"";"";"";"";"valjala@valjala.ee";"";"";"94302 Saaremaa Valjala alevik";"";"";"";""
458;"Haaslava Vallavalitsus";"";"";"";"";"vald@haaslava.ee";"";"";"";"";"";"";""
459;"Kambja Vallavalitsus";"";"";"";"";"vald@kambja.ee";"";"";"";"";"";"";""
460;"Konguta Vallavalitsus";"";"";"";"";"vald@konguta.ee";"";"";"";"";"";"";""
461;"Laeva Vallavalitsus";"";"";"";"";"ilme@laeva.ee";"";"";"";"";"";"";""
462;"Luunja Vallavalitsus";"";"";"";"";"luunjavv@luunja.ee";"";"";"";"";"";"";""
463;"Meeksi Vallavalitsus";"";"";"";"";"meeksivald@meeksi.ee";"";"";"";"";"";"";""
464;"Mäksa Vallavalitsus";"";"";"";"";"info@maksavald.ee";"";"";"";"";"";"";""
465;"Peipsiääre Vallavalitsus";"";"";"";"";"pvald@hot.ee";"";"";"";"";"";"";""
466;"Piirissaare Vallavalitsus";"";"";"";"";"piirissaare@piirissaare.ee ";"";"";"";"";"";"";""
467;"Puhja Vallavalitsus";"";"";"";"";"puhjavv@kodu.ee";"";"";"";"";"";"";""
468;"Rannu Vallavalitsus";"";"";"";"";"vallavalitsus@rannu.ee";"";"";"";"";"";"";""
469;"Rõngu Vallavalitsus";"";"";"";"";"rongu@rongu.ee";"";"";"";"";"";"";""
470;"Tähtvere Vallavalitsus";"";"";"";"";"vald@ilmatsalu.ee";"";"";"";"";"";"";""
471;"Vara Vallavalitsus";"";"";"";"";"vara.vald@mail.ee";"";"";"";"";"";"";""
472;"Võnnu Vallavalitsus";"";"";"";"";"info@vonnu.ee ";"";"";"";"";"";"";""
473;"Ülenurme Vallavalitsus";"";"";"";"";"vald@ylenurme.ee";"";"";"";"";"";"";""
474;"Helme Vallavalitsus";"";"";"";"";"helme@helmevv.torva.ee";"";"";"";"";"";"";""
475;"Hummuli Vallavalitsus";"";"";"";"";"valter@hummulivv.ee";"";"";"";"";"";"";"vallavanema aadress on"
476;"Karula Vallavalitsus";"";"";"";"";"karula.vald@mail.ee";"";"";"";"";"";"";""
477;"Palumera Vallavalitsus";"";"";"";"";"imbi@palupera.ee";"";"";"";"";"";"";""
478;"Puka Vallavalitsus";"";"";"";"";"vallavalitsus@puka.ee";"";"";"";"";"";"";""
479;"Põdrala Vallavalitsus";"";"";"";"";"aivar@podrala.ee";"";"";"";"";"";"";""
480;"Sangaste Vallavalitsus";"";"";"";"";"sangaste@sangastevv.ee";"";"";"";"";"";"";""
481;"Taheva Vallavalitsus";"";"";"";"";"info@taheva.ee";"";"";"";"";"";"";""
482;"Tõlliste Vallavalitsus";"";"";"";"";"vald@tolliste.ee";"";"";"";"";"";"";""
483;"Õru Vallavalitsus";"";"";"";"";"info@oeruvv.ee";"";"";"";"";"";"";""
484;"Abja Vallavalitsus";"";"";"";"";"abjavv@abja.ee";"";"";"";"";"";"";""
485;"Halliste Vallavalitsus";"";"";"";"";"vald@halliste.ee";"";"";"";"";"";"";""
486;"Karksi Vallavalitsus";"";"";"";"";"vald@karksi.ee";"";"";"";"";"";"";""
487;"Kolga-Jaani Vallavalitsus";"";"";"";"";"info@kolga-jaani.ee";"";"";"";"";"";"";""
488;"Kõo Vallavalitsus";"";"";"";"";"koo.vv@neti.ee";"";"";"";"";"";"";""
490;"Paiste Vallavalitsus";"";"";"";"";"tiina@paistu.ee";"";"";"";"";"";"";""
491;"Pärsti Vallavalitsus";"";"";"";"";"parsti@parstivald.ee";"";"";"";"";"";"";""
492;"Saarepeedi Vallavalitsus";"";"";"";"";"vallavanem@saarepeedi.ee";"";"";"";"";"";"";""
493;"Tarvastu Vallavalitsus";"";"";"";"";"tarvastu@tarvastu.ee";"";"";"";"";"";"";""
495;"Viiratsi Vallavalitsus";"";"";"";"";"viiratsi@viiratsi.ee";"";"";"";"";"";"";""
496;"Antsla Vallavalitsus";"";"";"";"";"vald@antsla.ee";"";"";"";"";"";"";""
497;"Lasva Vallavalitsus";"";"";"";"";"vald@lasva.ee";"";"";"";"";"";"";""
498;"Meremäe Vallavalitsus";"";"";"";"";"vald@meremvv.werro.ee";"";"";"";"";"";"";""
499;"Misso Vallavalitsus";"";"";"";"";"vald@missovv.werro.ee";"";"";"";"";"";"";""
500;"Mõniste Vallavalitsus";"";"";"";"";"vald@mehka.werro.ee";"";"";"";"";"";"";""
501;"Sõmerpalu Vallavalitsus";"";"";"";"";"maia@spalu.werro.ee";"";"";"";"";"";"";""
502;"Urvaste vallavalitsus";"";"";"";"";"vald@urvaste.ee";"";"";"";"";"";"";""
503;"Varstu Vallavalitsus";"";"";"";"";"vald@varstu.ee";"";"";"";"";"";"";""
504;"Võru Vallavalitsus";"";"";"";"";"vald@voruvald.ee";"";"";"";"";"";"";""
505;"Maaelu Edendamise SA";"";"";"";"";"mes@mes.ee";"";"";"";"";"";"";""
506;"Eesti Keemiatööstuste Liit";"";"";"";"";"info@keemia.ee";"";"";"";"";"";"";""
507;"Eesti Õliühing";"";"";"";"";"maimu@oilunion.ee";"";"";"";"";"";"";""
508;"Tallinna Linnavalitsus";"";"";"";"";"lvpost@tallinnlv.ee";"";"";"";"";"";"";""
509;"Eesti Tehnoloogia Arengu MTÜ";"80131785";"";"";"";"";"";"";"Pärnu mnt 142";"Tallinn";"11317";"";""
510;"Neeme Piirivalvekoerte Kool";"";"";"";"";"kantselei@npkk.pv.ee";"";"";"";"";"";"";""
511;"Harjumaa Omavalitsuste Liit";"";"";"";"";"info@hol.ee";"";"";"";"";"";"";""
512;"Eesti Külade ja Väikelinnade Liikumine Kodukant";"";"";"";"";"kodukant@kodukant.ee";"";"";"";"";"";"";""
513;"SA Regionaalsed Energiakeskused";"";"REK";"";"";"elmupotter@hot.ee";"";"";"Võru postkontor, PK 43";"Võru";"65602";"";""
514;"Raeküla Vanakooli Keskus";"";"";"";"";"";"";"";"Lembitu 1";"Pärnu";"80028";"";""
515;"Järvamaa Omavalitsuste Liit";"";"";"";"";"jol@jarvamv.ee";"";"";"";"";"";"";""
516;"Läänemaa Omavalitsuste Liit";"";"";"";"";"lovl@lovl.ee";"";"";"";"";"";"";""
517;"Põlvamaa Omavalitsuste Liit";"";"";"";"";"hele@polvamaa.ee";"";"";"";"";"";"";""
518;"Raplamaa Omavalitsuste Liit";"";"";"";"";"rol@raplamaa.ee";"";"";"";"";"";"";""
519;"Kagu Teedevalitsus";"";"";"";"";"";"";"";"";"";"";"";""
521;"Ida-Eesti Päästekeskus";"";"";"";"";"ida@rescue.ee";"";"";"";"";"";"";""
522;"Lääne-Eesti Päästekeskus";"";"";"";"";"laane@rescue.ee";"";"";"";"";"";"";""
523;"Lõuna-Eesti Päästekeskus";"";"";"";"";"louna@rescue.ee";"";"";"";"";"";"";""
524;"Põhja-Eesti Päästekeskus";"";"";"";"";"pohja@rescue.ee";"";"";"";"";"";"";""
527;"Piirivalvelaevade üksikdivisjon";"";"";"";"";"pvlyd@pv.ee";"";"";"";"";"";"";""
528;"Loksa Linnavalitsus";"";"";"";"";"linn@loksa.ee";"";"";"";"";"";"";""
529;"Maardu Linnavalitsus";"";"";"";"";"linnavalitsus@maardu.ee";"";"";"";"";"";"";""
530;"Paldiski Linnavalitsus";"";"";"";"";"paldiski@paldiski.ee";"";"";"";"";"";"";""
531;"Kärdla linnavalitsus";"";"";"";"";"valitsus@kardla.ee";"";"";"";"";"";"";""
533;"Kiviõli Linnavalitsus";"";"";"";"";"valitsus@kivioli.ee";"";"";"";"";"";"";""
534;"Narva-Jõesuu Linnavalitsus";"";"";"";"";"info@narva-joesuu.ee";"";"";"";"";"";"";""
535;"Püssi Linnavalitsus";"";"";"";"";"info@pyssilv.ee";"";"";"";"";"";"";""
536;"Sillamäe Linnavalitsus";"";"";"";"";"linnavalitsus@sillamae.ee";"";"";"";"";"";"";""
537;"Jõgeva Linnavalitsus";"";"";"";"";"info@jogevalv.ee";"";"";"";"";"";"";""
538;"Mustvee Linnavalitsus";"";"";"";"";"info@mustveelv.ee";"";"";"";"";"";"";""
539;"Põltsamaa Linnavalitsus";"";"";"";"";"info@poltsamaa.ee";"";"";"";"";"";"";""
540;"Paide Linnavalitsus";"";"";"";"";"paide@paide.ee";"";"";"";"";"";"";""
541;"Türi Linnavalitsus";"";"";"";"";"linnavalitsus@tyri.ee";"";"";"";"";"";"";""
542;"Kunda Linnavalitsus";"";"";"";"";"linnavalitsus@kunda.ee";"";"";"";"";"";"";""
543;"Rakvere Linnavalitsus";"";"";"";"";"linnavalitsus@rakvere.ee";"";"";"";"";"";"";""
544;"Tamsalu Linnavalitsus";"";"";"";"";"tams-lv@tamsalu.ee";"";"";"";"";"";"";""
545;"Tapa Linnavalitsus";"";"";"";"";"linnavalitsus@tapa.ee";"";"";"";"";"";"";""
546;"Haapsalu Linnavalitsus";"";"";"";"";"hlv@haapsalulv.ee";"";"";"";"";"";"";""
548;"Sindi Linnavalitsus";"";"";"";"";"sindi@parnumaa.ee";"";"";"";"";"";"";""
549;"Kuressaare Linnavalitsus";"";"";"";"";"linn@kuressaare.ee";"";"";"";"";"";"";""
550;"Mõisaküla Linnavalitsus";"";"";"";"";"sekretar@moisakyla.ee";"";"";"";"";"";"";""
551;"Kallaste Linnavalitsus";"";"";"";"";"kallaste@kallaste.ee";"";"";"";"";"";"";""
552;"Tõrva Linnavalitsus";"";"";"";"";"torva@torva.ee";"";"";"";"";"";"";""
554;"Võhma Linnavalitsus";"";"";"";"";"vohma@vohma.ee";"";"";"";"";"";"";""
555;"Tallinna Linnaehitus";"";"";"";"";"tle@tle.ee";"";"";"";"";"";"";""
556;"Balti Juhtimiskonverents";"";"";"";"";"info@konverentsid.ee";"";"";"";"";"";"";""
557;"Tallinna Konverentsid";"";"";"";"";"info@tallinnakonverentsid.ee";"";"";"";"";"";"";""
558;"IBM Eesti";"";"";"";"";"ibm@ee.ibm.com";"";"";"";"";"";"";""
560;"Tallinna Transpordiamet";"";"";"";"";"tta@tallinnlv.ee";"";"";"";"";"";"";""
561;"Tervishoiuamet";"";"";"";"";"info@tervishoiuamet.ee";"";"";"";"";"";"";""
562;"Põhja-Eesti Reagionaalhaigla";"";"";"";"";"andrus.remmelgas@regionaalhaigla.ee";"";"";"";"";"";"";""
563;"töörühma liikmetele";"";"";"";"";"";"";"";"";"";"";"";""
565;"Vallavalitsused";"";"";"";"";"vallavalitsused@siseministeerium.ee";"";"";"";"";"";"";""
567;"Olevi residents";"";"";"";"";"";"";"";"Olevimägi 4";"Tallinn";"10123";"";""
568;"Maanteeamet";"";"";"";"";"info@mnt.ee ";"";"";"";"";"";"";""
569;"Eesti Evangeeliumi Kristlaste ja Baptistide Koguduste Liit";"";"";"";"";"eekbl@ekklesia.ee";"";"";"";"";"";"";""
571;"Teenistujate Ametiliitude Keskorganisatsioon";"";"";"";"";"talo@talo.ee";"";"";"";"";"";"";""
572;"Palupera Vallavalitsus";"";"Palupera VV";"";"";"palupera@palupera.ee";"";"";"Hellenurme sjk Valgamaa";"";"67502";"";""
573;"Elion Ettevõtted";"";"";"";"";"info@elion.ee";"";"";"";"";"";"";""
574;"Riigikantselei istungite osakond Triin Soonsein";"";"";"";"";"Triin.Soonsein@riigikantselei.ee";"";"";"";"";"";"";""
575;"Riigikogu õiguskomisjon";"";"";"";"";"oiguskom@riigikogu.ee";"";"";"";"";"";"";""
576;"Riigikogu majanduskomisjon";"";"";"";"";"majanduskomisjon@riigikogu.ee ";"";"";"";"";"";"";""
577;"Riigikogu väliskomisjon";"";"";"";"";"valiskom@riigikogu.ee";"";"";"";"";"";"";""
578;"Riigikogu rahanduskomisjon";"";"";"";"";"rahanduskom@riigikogu.ee";"";"";"";"";"";"";""
579;"Riigikogu riigikaitsekomisjon";"";"";"";"";"riigikaitsekom@riigikogu.ee";"";"";"";"";"";"";""
580;"Riigikogu Euroopa Liidu asjade komisjon";"";"";"";"";"EuroAC.staff@riigikogu.ee";"";"";"";"";"";"";""
581;"Harju Maakohus Liivalaia kohtumaja";"";"";"";"";"harjumk.info@just.ee";"";"";"";"";"";"";""
582;"Harju Maakohus Kentmanni kohtumaja";"";"";"";"";"harjumk.info@just.ee";"";"";"";"";"";"";""
583;"Harju Maakohus Tartu mnt kohtumaja";"";"";"";"";"harjumk.info@just.ee";"";"";"";"";"";"";""
584;"Harju Maakohus kinnistusosakond";"";"";"";"";"talka.info@just.ee";"";"";"";"";"";"";""
585;"Harju Maakohus registriosakond";"";"";"";"";"talar.info@just.ee";"";"";"";"";"";"";""
586;"Riigikohus";"";"";"";"";"info@riigikohus.ee";"";"";"";"";"";"";""
587;"Tartu Halduskohus";"";"";"";"";"tartuhk.info@just.ee";"";"";"";"";"";"";""
588;"Tartu Ringkonnakohus";"";"";"";"";"tarturk.info@just.ee";"";"";"";"";"";"";""
589;"Eesti Mereakadeemia";"";"";"";"";"eesti.mereakadeemia@emara.ee";"";"";"";"";"";"";""
590;"Tallinna Tehnikaülikool Meresüsteemide Instituut";"";"";"";"";"elken@phys.sea.ee";"";"";"";"";"";"";""
591;"Keila Linnavalitsus";"";"";"";"";"klv@keila.ee";"";"";"";"";"";"";""
592;"Eesti Naabrivalve MTÜ";"";"";"";"";"info@naabrivalve.ee";"";"";"";"";"";"";""
594;"Eesti Turvaettevõtete Liit";"";"";"";"";"info@security.ee";"";"";"";"";"";"";""
595;"StSVÕK Üksik-Sidepataljon";"";"Üksik-Sidepataljon";"";"sidepat@mil.ee";"sidepat@mil.ee";"717 2000";"";"Filtri tee 12";"Tallinn";"10132";"EST";""
596;"Riikliku Eksami- ja Kvalifikatsioonikeskuse";"";"";"";"";"info@ekk.edu.ee";"";"";"";"";"";"";""
597;"Kutsekoda";"";"";"";"";"kutsekoda@kutsekoda.ee";"";"";"http://www.kutsekoda.ee/";"";"";"";""
598;"Sideamet";"";"Sideamet";"";"";"sideamet@sa.ee";"693 1154";"693 1155";"Ädala 2";"Tallinn";"10614";"";""
599;"Eesti Põlevkivi";"";"";"";"";"ep@ep.ee ";"";"";"";"";"";"";""
600;"Maatark OÜ";"";"";"";"";"maatark@maatark.ee";"";"";"";"";"";"";""
601;"Eesti Riiklik Autoregistrikeskus";"";"ARK";"";"";"ark@ark.ee";"6201202";"";"Mäepealse 19 Tallinn 12618";"";"";"";""
602;"Tervise Arengu Instituut";"";"";"";"";"tai@tai.ee";"";"";"";"";"";"";""
603;"Autoettevõtete Liit";"";"";"";"";"al@autoettevoteteliit.ee";"";"";"";"";"";"";""
604;"Eesti Ametiühingute Keskliit";"";"";"";"";"eakl@eakl.ee";"";"";"";"";"";"";""
605;"Eesti Kaupmeeste Liit";"";"";"";"";"info@kaupmeesteliit.ee";"";"";"";"";"";"";""
606;"Eesti Turismifirmade Liit";"";"";"";"";"info@etfl.ee";"";"";"";"";"";"";""
607;"Eesti Tööandjate Keskliit";"";"";"";"";"employers@employers.ee";"";"";"";"";"";"";""
608;"Eesti Infotehnoloogia ja Telekommunikatsiooni Liit";"";"";"";"";"info@itl.ee";"";"";"";"";"";"";""
609;"Tööinspektsioon";"";"";"";"";"ti@ti.ee";"";"";"";"";"";"";""
610;"Tehnilise Järelvalve Inspektsioon";"";"";"";"";"tji@tji.ee";"";"";"";"";"";"";""
611;"Riiklik Looduskaitsekeskus";"";"";"";"";"info@lk.ee";"";"";"";"";"";"";""
612;"Riigikantselei julgeoleku koordinatsioonidirektori büroo";"";"";"";"";"kdb@riigikantselei.ee";"";"";"";"";"";"";""
613;"Eesti Meteoroloogia ja Hüdroloogia Instituut";"";"";"";"";"emhi@emhi.ee ";"";"";"";"";"";"";""
614;"Raudteeinspektsioon";"";"";"";"";"raudteeinspektsioon@rinsp.ee";"";"";"";"";"";"";""
616;"Eesti Metodisti Kirik";"";"";"";"";"keskus@metodistikirik.ee";"";"";"";"";"";"";""
617;"Eesti Arhitektide Liit";"";"";"";"";"info@arhliit.ee  ";"";"";"";"";"";"";""
618;"Õhuseire Divisjon";"";"ÕSD";"";"osd.kantselei@mil.ee";"osd.kantselei@mil.ee";"";"";"";"";"";"";""
619;"Tele2 Eesti AS";"10069046";"Tele2";"";"info@tele2.ee ";"info@tele2.ee ";"686 6866";"686 6877";"Jõe 2a";"Tallinn";"10151";"EST";""
620;"AS Geomark";"10077268";"";"";"geomark@geomark.ee";"geomark@geomark.ee";"667 1751";"667 1753";"Mustamäe tee 44";"Tallinn";"10621";"";""
621;"AT & G OÜ";"10126630";"";"";"atg@uninet.ee";"atg@uninet.ee";"5 282 545";"7 380 487";"Soinaste 8a";"Tartu";"50405";"";""
622;"Keskkonnainvesteeringute Keskus SA";"";"";"";"";"info@kik.ee";"";"";"";"";"";"";""
623;"Ravimiamet";"";"";"";"";"sam@sam.ee";"";"";"";"";"";"";""
624;"Eesti Uimastiseire Keskus";"";"";"";"";"ave.talu@tai.ee ";"";"";"http://eusk.tai.ee/";"";"";"";""
625;"Päästeameti Häirekeskus";"";"";"";"";"112@rescue.ee";"628 7400";"";"Erika 3 10416 Tallinn";"";"";"";""
626;"Narva Kutseõppekeskus";"";"";"";"";"nvtc@nvtc.ee";"";"";"";"";"";"";""
627;"Ühendus AVE (Alkoholivaba Eesti)";"";"";"";"";"lauri@ave.ee";"";"";"";"";"";"";""
628;"Mainori Kõrgkool";"";"";"";"";"mk@mk.ee";"";"";"";"";"";"";""
629;"Tööturuamet";"";"";"";"";"selve@tta.ee";"";"";"";"";"";"";""
630;"Rahvastikuministri büroo";"";"";"";"";"rahmin@riigikantselei.ee";"";"";"";"";"";"";""
631;"Varsinais-Suomen Liitto";"";"";"";"";"kirjaamo@varsinais-suomi.fi";"+358 (0)2 210 0900";"+358 (0)2 210 0901";"PL 273, Ratapihankatu 36";"Turku";"20101";"MUU";""
632;"TTÜ Kuressaare Kolledþ";"";"";"";"";"";"";"";"Rootsi 7";"Kuressaare";"93811";"";""
633;"TTÜ Virumaa Kolledþ";"";"";"";"";"";"";"";"Järveküla tee 75";"Kohtla-Järve";"30322";"";""
634;"TTÜ Kuressaare Kolledþ";"";"";"";"";"";"";"";"Rootsi 7";"Kuressaare";"";"";"93811"
635;"TLÜ Haapsalu Kolledþ";"";"";"";"";"";"";"";"Lihula mnt 12";"Haapsalu";"90507";"";""
636;"Tartu Ülikooli Narva Kolledz";"";"";"";"";"college@narva.ut.ee";"";"";"";"";"";"";""
637;"Tartu Ülikooli Viljandi Kultuuriakadeemia";"";"";"";"";"kool@kultuur.edu.ee";"";"";"";"";"";"";""
638;"Tallinna Tehnikaülikooli Kuressaare Kolledz";"";"";"";"";"sekr@si.edu.ee ";"";"";"";"";"";"";""
639;"Tallinna Tehnikaülikooli Virumaa Kolledz";"";"";"";"";"info@vk.edu.ee ";"";"";"";"";"";"";""
640;"Tartu Ülikooli Türi Kolledz";"";"";"";"";"info@tc.ut.ee";"";"";"";"";"";"";""
641;"Tallinna Ülikooli Haapsalu Kolledz";"";"";"";"";"kolledz@hk.tlu.ee";"";"";"";"";"";"";""
642;"Tallinna Ülikooli Rakvere Kolledz";"";"";"";"";"marika.luik@tlu.ee";"";"";"";"";"";"";""
643;"Eesti Väike- ja Keskmiste Ettevõtjate Assotsiatsioon";"";"EVEA";"";"";"evea@evea.ee ";"6410 920";"6410 916";"Liivalaia 9, 10118 Tallinn";"";"";"";""
644;"Eesti Pank";"";"";"";"";"kantselei@epbe.ee";"66 80 719";"66 80 836";"Estonia pst.13 15095 Tallinn";"";"";"";""
645;"Riigi- ja Omavalitsusasutuste Töötajate Ametiühingute Liit";"";"ROTAL";"";"";"rotal4@hot.ee";"66 12 393;66 12 453";"";"Liivalaia 11/4 Tallinn 10118";"";"";"EST";""
646;"Rahvusooper Estonia";"";"";"";"";"info@opera.ee";"";"";"";"";"";"";""
647;"Microlink AS";"";"";"";"dvkpp@hot.ee";"info@microlink.ee";"";"";"";"";"";"";""
648;"Emmaste Vallavalitsus";"";"Emmaste VV";"";"";"valitsus@emmaste.hiiumaa.ee";"046 22 444";"";"Emmaste, 92001 Hiiu Maakond";"";"";"";""
649;"Televõrgu AS";"";"";"";"";"tv@televork.ee";"";"";"";"";"";"";""
650;"TÜ Eesti Mereinstituut";"";"";"";"";"meri@sea.ee";"";"";"Mäealuse 10a Tallinn 12618";"";"";"";""
651;"AS Narva Elektrijaamad";"";"";"";"";"";"7166367";"7166200";"Elektrijaama tee 59";"Narva";"21004";"";""
652;"Eesti Planeerijate Ühing";"";"";"";"";"info@planeerijad.ee";"";"";"";"";"";"";""
653;"Saurused OÜ";"";"";"";"";"saurus@saurus.ee";"";"";"";"";"";"";""
654;"Tallinna kohtutäitur Elin Vilippus";"";"";"";"";"elin.vilippus@taitur.just.ee";"";"";"";"";"";"";""
655;"EADS Secure Networks OY";"";"";"";"";"";"+3580104080000";"+3580104080930";"Hiomotie 32";"Helsinki";"00380";"MUU";""
656;"Linnavalitsused";"";"";"";"";"linnavalitsused@siseministeerium.ee";"";"";"";"";"";"";""
657;"Valitsemisala ametid";"";"";"";"";"ametid@siseministeerium.ee";"";"";"";"";"";"";""
658;"Valitsemisala ametid ja SKA";"";"";"";"";"ametid_ska@siseministeerium.ee";"";"";"";"";"";"";""
659;"Riigi Infokommunikatsiooni Sihtasutus";"90006101";"RIKS";"";"info@riks.ee";"";"693 1000";"693 1001";"Ädala 4F";"";"10614";"";""
660;"Vändra Alevivalitsus";"";"";"";"";"alev@vandra.ee";"";"";"";"";"";"";""
661;"Elva Linnavalitsus";"";"";"";"";"elva@elva.ee";"";"";"";"";"";"";""
662;"Kehtna Vallavalitsus";"";"";"";"";"kehtna@kehtna.ee ";"";"";"";"";"";"";""
663;"Riigi Kinnisvara";"";"RKAS";"";"";"info@rkas.ee";"6063400";"6063401";"Tartu mnt 85 Tallinn 10115";"";"";"";""
664;"Murru Vangla";"";"";"";"";"murruv.info@just.ee";"";"";"";"";"";"";""
665;"Riigikogu Eesti Keskerakonna fraktsioon";"";"";"";"";"keskfr@riigikogu.ee ";"";"";"";"";"";"";""
666;"Riigikogu Eestimaa Rahvaliidu fraktsioon";"";"";"";"";"rahvaliidufr@riigikogu.ee";"";"";"";"";"";"";""
667;"Riigikogu Eesti Reformierakonna fraktsioon";"";"";"";"";"reformfr@riigikogu.ee ";"";"";"";"";"";"";""
668;"Riigikogu Isamaa ja Res Publica Lidu fraktsioon";"";"";"";"";"irl@riigikogu.ee ";"";"";"";"";"";"";""
669;"Riigikogu Sotsiaaldemokraatliku Erakonna fraktsioon";"";"";"";"";"sotsiaaldemokraadid@riigikogu.ee";"";"";"";"";"";"";""
670;"Riigikogu Erakond Eestimaa Rohelised fraktsioon";"";"";"";"";"rohelisedfr@riigikogu.ee ";"";"";"";"";"";"";""
671;"Erakond Eestimaa Rohelised";"";"";"";"";"info@erakond.ee";"";"";"";"";"";"";""
672;"Erakond Eesti Kristlikud Demokraadid";"";"";"";"";"ekd@ekd.ee";"";"";"";"";"";"";""
673;"Kihnu Instituut";"";"";"";"";"mark@chaplin.ee";"";"";"";"";"";"";"või siis mark.soosaar@riigikogu.ee "
674;"Pöyry Telecom Oy";"1586099-4";"";"";"";"";"";"";"Jaakonkatu 3";"Vantaa";"FIN-01620";"MUU";""
676;"Eesti Kohtuekspertiisi Instituut";"";"EKEI";"";"";"info@ekei.ee";"6636600";"6636605";"Pärnu mnt 328 Tallinn 11611";"";"";"";""
678;"AS Hotronic";"10114940";"";"";"";"";"";"";"Õismäe tee 110";"Tallinn";"13513";"EST";"  "
679;"Eesti Siseturvalisuse Muuseum";"";"";"";"";"tuletorjemuuseum@rescue.ee";"";"";"";"";"";"";""
680;"Siseministeeriumi infotehnoloogia- ja arenduskeskus";"";"SMIT";"";"";"smit@smit.ee ";"";"";"Sõpruse pst 145b Tallinn 13417";"";"";"";""
681;"Valitsemisala ametid_SKA_SMIT";"";"";"";"";"ametid_ska_smit@siseministeerium.ee";"";"";"";"";"";"";""
682;"EV Suursaatkond Moskvas";"";"";"";"";"Embassy.Moskva@mfa.ee";"";"";"";"";"";"";""
683;"Eesti Keskkonnaühenduste Koda";"";"";"";"";"eko@eoy.ee";"";"";"";"";"";"";""
684;"Eesti Roheline Liikumine";"";"";"";"";"info@roheline.ee";"";"";"";"";"";"";""
685;"Poola Suursaatkond Tallinnas";"";"";"";"";"Poola.info@mail.ee";"";"";"";"";"";"";""
686;"Cybernetica AS";"10140133";"Cyber";"";"info@cyber.ee";"info@cyber.ee";"639 7991";"639 7992";"Akadeemia tee 21";"Tallinn";"12618";"EST";""
687;"Põhja Ringkonnaprokuratuur";"";"";"";"";"pohjark.juhtkond@prokuratuur.ee";"";"";"";"";"";"";""
688;"Lõuna Ringkonnaprokuratuur";"";"";"";"";"info.louna@prokuratuur.ee ";"";"";"";"";"";"";""
689;"Viru Ringkonnaprokuratuur";"";"";"";"";"info.viru@prokuratuur.ee";"";"";"";"";"";"";""
690;"Lääne Ringkonnaprokuratuur";"";"";"";"";"laanerk@prokuratuur.ee";"";"";"";"";"";"";""
691;"Murru Vangla";"";"";"";"";"murruv.info@just.ee";"";"";"";"";"";"";""
692;"Tallinna Vangla";"";"";"";"";"talv.info@just.ee";"";"";"";"";"";"";""
693;"Tartu Vangla";"";"";"";"";"tartu.vangla@just.ee";"";"";"";"";"";"";""
694;"Viru Vangla";"";"";"";"";"viruv.info@just.ee ";"";"";"";"";"";"";""
695;"Harku Vangla";"";"";"";"";"harkuv.info@just.ee";"";"";"";"";"";"";""
696;"Elisa Eesti AS";"10178070";"";"";"ariklient@elisa.ee";"ariklient@elisa.ee";"681 1963";"681 1961";"P.O. Box 289";"Tallinn";"10503";"";""
697;"Sertifitseerimiskeskus AS";"";"";"";"";"info@sk.ee";"";"";"";"";"";"";""
698;"Swedpank";"";"";"";"";"info@swedbank.ee ";"";"";"";"";"";"";""
699;"Incure Inkasso Agentuur OÜ";"";"";"";"";"mail@incure.ee";"";"";"";"";"";"";""
700;"Baltic Workboats AS";"";"";"";"";"info@bwb.ee";"";"";"";"";"";"";""
701;"Viru Maakohus";"";"";"";"";"vmkrakvere.menetlus@just.ee";"";"";"";"";"";"";""
702;"Riigikogu korruptsioonivatsase seaduse kohaldamise erikomisjon";"";"";"";"";"korruptskom@riigikogu.ee";"631 6621/6612";"631 6334";"";"";"";"";""
703;"Peipsiveere Arengu SA";"";"";"";"";"liina@tartumaa.ee";"";"";"";"";"";"";""
704;"Peipsi Piirkonna Arenduskoda";"";"";"";"";"katrin@aktivkeskus.ee";"";"";"";"";"";"";""
705;"Tehnilise Järelevalve Amet";"";"";"";"";"info@tja.ee";"";"";"";"";"";"";""
706;"EAÕK Varahaldus OÜ";"11059516";"EAÕK";"";"margus@eaok.ee";"margus@eaok.ee";"6051235";"6051256";"Wismari 32";"Tallinn";"10136";"";""
707;"Riigikogu põhiseaduskomisjon";"";"";"";"";"pohiseaduskomisjon@riigikogu.ee";"";"";"";"";"";"";""
708;"Notaribüroo Rävala pst 3/Kuke 2";"";"";"";"";"praktikant@notarnet.ee";"";"";"";"";"";"";""
709;"Riigikogu julgeolekuasutuste järelevalve komisjon";"";"";"";"";"kapokom@riigikogu.ee ";"";"";"";"";"";"";""
710;"Keskkonnainfo";"";"";"";"";"info@ic.envir.ee";"";"";"";"";"";"";""
711;"Overall Eesti AS";"";"";"";"";"overall@overall.ee";"";"";"";"";"";"";""
712;"Eesti Keele Instituut";"";"";"";"";"eki@eki.ee";"";"";"";"";"";"";""
713;"Tallinna Munitsipaalpolitsei Amet";"";"MPA";"";"";"munitsipaalpolitsei@tallinnlv.ee";"6619860";"6619879";"Paldiski mnt 47 Tallinn 10614";"";"";"";""
714;"SA Kodanikuühiskonna Sihtkapital";"";"KÜSK";"";"";"kysk@kysk.ee";"";"";"Toompuiestee 35 Tallinn 10133";"";"";"";""
715;"Sotsiaalkindlustusamet";"";"";"";"";"ska@ensib.ee";"640 8120";"6408155";"Lembitu 12 Tallinn 15092";"";"";"";""
716;"Peaministri büroo";"";"";"";"";"peaminister@riik.ee";"";"";"";"";"";"";""
717;"Enn Soosaar";"";"";"";"";"esoosaar@uninet.ee";"";"";"";"";"";"";""
718;"Keskkonnaministeeriumi Info- ja tehnikeskus";"";"";"";"";"info@ic.envir.ee ";"";"";"";"";"";"";""
719;"Eesti Lennuakadeemia";"";"";"";"";"sekretar @eava.ee";"";"";"";"";"";"";""
720;"European Commission, Directorate-General Justice, Freedom and Security, Directorate B: Immigration and Asylum";"";"ECDG";"";"";"";"";"";"B-1049 Brussels Belgium";"";"";"";""
721;"eÕigus";"";"";"";"";"e-oigus.list@just.ee";"";"";"";"";"";"";""
722;"Rooma-Katolik Kirik";"";"";"";"";"admapost@online.ee";"";"";"";"";"";"";""
723;"Adventistide Koguduste Liit";"";"";"";"";"office@advent.ee";"";"";"";"";"";"";""
724;"Tallinna Arvutikool OÜ";"";"";"";"";"arvutikool@ariko.ee";"";"";"";"";"";"";""
725;"Tallinna Keskkonnaamet";"";"";"";"";"keskkonnaamet@tallinnlv.ee";"";"";"";"";"";"";""
726;"Vabariigi Valimiskomisjon";"";"";"";"";"val@riigikogu.ee ";"";"";"";"";"";"";""
727;"TARTUMAA TERVISESPORDIKESKUS";"";"";"";"";"info@tervisesport.ee";"";"";"";"";"";"";""
728;"Konkurentsiamet";"";"";"";"";"info@konkurentsiamet.ee";"";"";"";"";"";"";""
729;"Paistu Vallavalitsus";"";"";"";"";"paistu@paistu.ee ";"";"";"";"";"";"";""
730;"Pedase Hotell OÜ";"";"";"";"";"";"";"";"Telliskivi 24/Ristiku 8";"Tallinn";"10611";"";""
731;"Notarite Koda";"";"";"";"";"koda@notar.ee";"";"";"";"";"";"";""
732;"Elisa";"";"";"";"";"elisa@elisa.ee";"";"";"";"";"";"";""
733;"Arhiivikeskus";"";"";"";"";"arhiivikeskus@arhiivikeskus.ee";"";"";"";"";"";"";""
734;"Kim Johansen Transport OÜ";"";"";"";"";"nastja@addo.ee ";"";"";"Lennujaama 2  Tallinn 11101";"";"";"";""
735;"Eesti Energia Jaotusvõrk";"";"";"";"";"jv@energia.ee";"";"";"";"";"";"";""
736;"Hanila Vallavalitsus";"";"";"";"";"vv@hanila.ee";"";"";"";"";"";"";""
737;"Torgu Vallavalitsus";"";"";"";"";"torgu@torgu.ee";"";"";"";"";"";"";""
738;"Eesti Kaitseväe Peastaap";"";"";"";"";"mil@mil.ee";"";"";"";"";"";"";""
739;"Valga Isamaalise Kavatuse Püsiekspositsioon SA";"";"";"";"";"muuseum@isamaalinemuuseum.ee";"";"";"Valga, Pikk 16 a";"";"";"";""
740;"Töötukassa";"";"";"";"";"info@tootukassa.ee";"";"";"";"";"";"";""
741;"Eesti Kaubandus-Tööstuskoda";"";"";"";"";"koda@koda.ee";"";"";"";"";"";"";""
742;"Eesti Ametühingute Keskliit";"";"";"";"";"eakl@eakl.ee";"";"";"";"";"";"";""
743;"Politsei- ja Piirivalveamet";"";"PPA";"";"ppapp@politsei.ee";"ppa@politsei.ee";"";"";"";"";"";"";""
744;"Tarmo Vahter/Eesti Ekspress";"";"";"";"";"TarmoV@ekspress.ee";"";"";"TarmoV@ekspress.ee";"";"";"";""
745;"Eesti Pangaliit";"";"";"";"";"pangaliit@pangaliit.ee";"";"";"";"";"";"";""
746;"Riigikogu sotsiaalkomisjon";"";"";"";"";"sotsiaalkomisjon@riigikogu.ee";"";"";"Lossi plats 1a, 15165 Tallinn";"";"";"";""
747;"Eesti Apostlik-Õigeusu Kirik";"";"EAÕK";"";"";"eaok@eaok.ee";"";"";"";"";"";"";""
748;"EELK Tallinna Piiskopliku Toomkoguduse";"";"";"";"";"tallinna.toom@eelk.ee ";"";"";"";"";"";"";""
749;"EV Alaline Esindus Euroopa Liidu juures";"";"";"";"";"permrep.eu@mfa.ee ";"";"";"Rue Guimard 11/13 1040 Brüssel Belgia";"";"";"MUU";""
750;"Terviseamet";"";"";"";"";"kesk@terviseamet.ee ";"";"";"";"";"";"";""
751;"Tallinna Linnaplaneerimise Amet";"";"";"";"";"tlpa@tallinnlv.ee";"";"";"";"";"";"";""
752;"Lennuliiklusteeninduse Aktsiaselts";"10341618";"TLL AS";"Estonian Air Navigation Services";"";"eans@eans.ee";"6258230";"6258200";"Lennujaama tee 2";"Tallinn";"11101";"EST";""
